{
    "success": true,
    "results":[
    {
        "name": "Greater New York City Area",
        "value": "Greater New York City Area"
    },
    {
        "name": "San Francisco Bay Area",
        "value": "San Francisco Bay Area"
    },
    {
        "name": "Greater Atlanta Area",
        "value": "Greater Atlanta Area"
    },
    {
        "name": "Greater Chicago Area",
        "value": "Greater Chicago Area"
    },
    {
        "name": "Greater Boston Area",
        "value": "Greater Boston Area"
    },
    {
        "name": "Thailand",
        "value": "Thailand"
    },
    {
        "name": "Greater Detroit Area",
        "value": "Greater Detroit Area"
    },
    {
        "name": "Dallas/Fort Worth Area",
        "value": "Dallas/Fort Worth Area"
    },
    {
        "name": "Greater Philadelphia Area",
        "value": "Greater Philadelphia Area"
    },
    {
        "name": "London, United Kingdom",
        "value": "London, United Kingdom"
    },
    {
        "name": "Greater Los Angeles Area",
        "value": "Greater Los Angeles Area"
    },
    {
        "name": "Washington D.C. Metro Area",
        "value": "Washington D.C. Metro Area"
    },
    {
        "name": "Greater Denver Area",
        "value": "Greater Denver Area"
    },
    {
        "name": "Houston, Texas Area",
        "value": "Houston, Texas Area"
    },
    {
        "name": "Toronto, Canada Area",
        "value": "Toronto, Canada Area"
    },
    {
        "name": "Sydney Area, Australia",
        "value": "Sydney Area, Australia"
    },
    {
        "name": "Orange County, California Area",
        "value": "Orange County, California Area"
    },
    {
        "name": "New York, New York",
        "value": "New York, New York"
    },
    {
        "name": "Greater Minneapolis-St. Paul Area",
        "value": "Greater Minneapolis-St. Paul Area"
    },
    {
        "name": "Greater Seattle Area",
        "value": "Greater Seattle Area"
    },
    {
        "name": "Greater San Diego Area",
        "value": "Greater San Diego Area"
    },
    {
        "name": "Singapore",
        "value": "Singapore"
    },
    {
        "name": "Phoenix, Arizona Area",
        "value": "Phoenix, Arizona Area"
    },
    {
        "name": "Miami/Fort Lauderdale Area",
        "value": "Miami/Fort Lauderdale Area"
    },
    {
        "name": "Austin, Texas Area",
        "value": "Austin, Texas Area"
    },
    {
        "name": "United Arab Emirates",
        "value": "United Arab Emirates"
    },
    {
        "name": "Melbourne Area, Australia",
        "value": "Melbourne Area, Australia"
    },
    {
        "name": "Cleveland/Akron, Ohio Area",
        "value": "Cleveland/Akron, Ohio Area"
    },
    {
        "name": "Atlanta, Georgia",
        "value": "Atlanta, Georgia"
    },
    {
        "name": "Portland, Oregon Area",
        "value": "Portland, Oregon Area"
    },
    {
        "name": "Raleigh-Durham, North Carolina Area",
        "value": "Raleigh-Durham, North Carolina Area"
    },
    {
        "name": "Greater St. Louis Area",
        "value": "Greater St. Louis Area"
    },
    {
        "name": "Tampa/St. Petersburg, Florida Area",
        "value": "Tampa/St. Petersburg, Florida Area"
    },
    {
        "name": "Orlando, Florida Area",
        "value": "Orlando, Florida Area"
    },
    {
        "name": "Charlotte, North Carolina Area",
        "value": "Charlotte, North Carolina Area"
    },
    {
        "name": "San Francisco, California",
        "value": "San Francisco, California"
    },
    {
        "name": "Cincinnati Area",
        "value": "Cincinnati Area"
    },
    {
        "name": "Indianapolis, Indiana Area",
        "value": "Indianapolis, Indiana Area"
    },
    {
        "name": "Greater Milwaukee Area",
        "value": "Greater Milwaukee Area"
    },
    {
        "name": "Mumbai Area, India",
        "value": "Mumbai Area, India"
    },
    {
        "name": "Baltimore, Maryland Area",
        "value": "Baltimore, Maryland Area"
    },
    {
        "name": "Greater Pittsburgh Area",
        "value": "Greater Pittsburgh Area"
    },
    {
        "name": "Chicago, Illinois",
        "value": "Chicago, Illinois"
    },
    {
        "name": "Columbus, Ohio Area",
        "value": "Columbus, Ohio Area"
    },
    {
        "name": "United Kingdom",
        "value": "United Kingdom"
    },
    {
        "name": "New Delhi Area, India",
        "value": "New Delhi Area, India"
    },
    {
        "name": "Kansas City, Missouri Area",
        "value": "Kansas City, Missouri Area"
    },
    {
        "name": "Greater Nashville Area",
        "value": "Greater Nashville Area"
    },
    {
        "name": "Hartford, Connecticut Area",
        "value": "Hartford, Connecticut Area"
    },
    {
        "name": "Greater Salt Lake City Area",
        "value": "Greater Salt Lake City Area"
    },
    {
        "name": "Houston, Texas",
        "value": "Houston, Texas"
    },
    {
        "name": "Finland",
        "value": "Finland"
    },
    {
        "name": "Brisbane Area, Australia",
        "value": "Brisbane Area, Australia"
    },
    {
        "name": "Birmingham, Alabama Area",
        "value": "Birmingham, Alabama Area"
    },
    {
        "name": "Canada",
        "value": "Canada"
    },
    {
        "name": "Bengaluru Area, India",
        "value": "Bengaluru Area, India"
    },
    {
        "name": "San Antonio, Texas Area",
        "value": "San Antonio, Texas Area"
    },
    {
        "name": "Greater Grand Rapids, Michigan Area",
        "value": "Greater Grand Rapids, Michigan Area"
    },
    {
        "name": "Vancouver, Canada Area",
        "value": "Vancouver, Canada Area"
    },
    {
        "name": "Perth Area, Australia",
        "value": "Perth Area, Australia"
    },
    {
        "name": "Richmond, Virginia Area",
        "value": "Richmond, Virginia Area"
    },
    {
        "name": "Greenville, South Carolina Area",
        "value": "Greenville, South Carolina Area"
    },
    {
        "name": "India",
        "value": "India"
    },
    {
        "name": "London, Greater London, United Kingdom",
        "value": "London, Greater London, United Kingdom"
    },
    {
        "name": "Denver, Colorado",
        "value": "Denver, Colorado"
    },
    {
        "name": "Jacksonville, Florida Area",
        "value": "Jacksonville, Florida Area"
    },
    {
        "name": "Rochester, New York Area",
        "value": "Rochester, New York Area"
    },
    {
        "name": "Dallas, Texas",
        "value": "Dallas, Texas"
    },
    {
        "name": "Saudi Arabia",
        "value": "Saudi Arabia"
    },
    {
        "name": "Greater Memphis Area",
        "value": "Greater Memphis Area"
    },
    {
        "name": "Toronto, Ontario, Canada",
        "value": "Toronto, Ontario, Canada"
    },
    {
        "name": "Montreal, Canada Area",
        "value": "Montreal, Canada Area"
    },
    {
        "name": "Sacramento, California Area",
        "value": "Sacramento, California Area"
    },
    {
        "name": "Austin, Texas",
        "value": "Austin, Texas"
    },
    {
        "name": "Charleston, South Carolina Area",
        "value": "Charleston, South Carolina Area"
    },
    {
        "name": "Johannesburg Area, South Africa",
        "value": "Johannesburg Area, South Africa"
    },
    {
        "name": "Reading, United Kingdom",
        "value": "Reading, United Kingdom"
    },
    {
        "name": "Philadelphia, Pennsylvania",
        "value": "Philadelphia, Pennsylvania"
    },
    {
        "name": "Boise, Idaho Area",
        "value": "Boise, Idaho Area"
    },
    {
        "name": "Ireland",
        "value": "Ireland"
    },
    {
        "name": "Louisville, Kentucky Area",
        "value": "Louisville, Kentucky Area"
    },
    {
        "name": "San Diego, California",
        "value": "San Diego, California"
    },
    {
        "name": "Indonesia",
        "value": "Indonesia"
    },
    {
        "name": "Hong Kong",
        "value": "Hong Kong"
    },
    {
        "name": "Los Angeles, California",
        "value": "Los Angeles, California"
    },
    {
        "name": "Madison, Wisconsin Area",
        "value": "Madison, Wisconsin Area"
    },
    {
        "name": "Guildford, United Kingdom",
        "value": "Guildford, United Kingdom"
    },
    {
        "name": "Ontario, Canada",
        "value": "Ontario, Canada"
    },
    {
        "name": "Vietnam",
        "value": "Vietnam"
    },
    {
        "name": "Seattle, Washington",
        "value": "Seattle, Washington"
    },
    {
        "name": "Israel",
        "value": "Israel"
    },
    {
        "name": "Las Vegas, Nevada Area",
        "value": "Las Vegas, Nevada Area"
    },
    {
        "name": "West Palm Beach, Florida Area",
        "value": "West Palm Beach, Florida Area"
    },
    {
        "name": "Birmingham, United Kingdom",
        "value": "Birmingham, United Kingdom"
    },
    {
        "name": "Fort Wayne, Indiana Area",
        "value": "Fort Wayne, Indiana Area"
    },
    {
        "name": "Greater Jakarta Area, Indonesia",
        "value": "Greater Jakarta Area, Indonesia"
    },
    {
        "name": "China",
        "value": "China"
    },
    {
        "name": "Greater Omaha Area",
        "value": "Greater Omaha Area"
    },
    {
        "name": "Burlington, Vermont Area",
        "value": "Burlington, Vermont Area"
    },
    {
        "name": "Norfolk, Virginia Area",
        "value": "Norfolk, Virginia Area"
    },
    {
        "name": "Greensboro/Winston-Salem, North Carolina Area",
        "value": "Greensboro/Winston-Salem, North Carolina Area"
    },
    {
        "name": "Boston, Massachusetts",
        "value": "Boston, Massachusetts"
    },
    {
        "name": "Providence, Rhode Island Area",
        "value": "Providence, Rhode Island Area"
    },
    {
        "name": "Chennai Area, India",
        "value": "Chennai Area, India"
    },
    {
        "name": "Mumbai, Maharashtra, India",
        "value": "Mumbai, Maharashtra, India"
    },
    {
        "name": "Bengaluru, Karnataka, India",
        "value": "Bengaluru, Karnataka, India"
    },
    {
        "name": "Dayton, Ohio Area",
        "value": "Dayton, Ohio Area"
    },
    {
        "name": "Région de Paris , France",
        "value": "Région de Paris , France"
    },
    {
        "name": "San Jose, California",
        "value": "San Jose, California"
    },
    {
        "name": "Buffalo/Niagara, New York Area",
        "value": "Buffalo/Niagara, New York Area"
    },
    {
        "name": "Milton Keynes, United Kingdom",
        "value": "Milton Keynes, United Kingdom"
    },
    {
        "name": "Hyderabad Area, India",
        "value": "Hyderabad Area, India"
    },
    {
        "name": "Manchester, United Kingdom",
        "value": "Manchester, United Kingdom"
    },
    {
        "name": "Geneva Area, Switzerland",
        "value": "Geneva Area, Switzerland"
    },
    {
        "name": "Gurgaon, India",
        "value": "Gurgaon, India"
    },
    {
        "name": "Scottsdale, Arizona",
        "value": "Scottsdale, Arizona"
    },
    {
        "name": "Bristol, United Kingdom",
        "value": "Bristol, United Kingdom"
    },
    {
        "name": "Paris Area, France",
        "value": "Paris Area, France"
    },
    {
        "name": "Colorado Springs, Colorado Area",
        "value": "Colorado Springs, Colorado Area"
    },
    {
        "name": "Oklahoma City, Oklahoma Area",
        "value": "Oklahoma City, Oklahoma Area"
    },
    {
        "name": "Pune Area, India",
        "value": "Pune Area, India"
    },
    {
        "name": "Toledo, Ohio Area",
        "value": "Toledo, Ohio Area"
    },
    {
        "name": "Other",
        "value": "Other"
    },
    {
        "name": "Albany, New York Area",
        "value": "Albany, New York Area"
    },
    {
        "name": "Harrisburg, Pennsylvania Area",
        "value": "Harrisburg, Pennsylvania Area"
    },
    {
        "name": "Oxford, United Kingdom",
        "value": "Oxford, United Kingdom"
    },
    {
        "name": "Chattanooga, Tennessee Area",
        "value": "Chattanooga, Tennessee Area"
    },
    {
        "name": "Miami, Florida",
        "value": "Miami, Florida"
    },
    {
        "name": "São Paulo Area, Brazil",
        "value": "São Paulo Area, Brazil"
    },
    {
        "name": "Aberdeen, United Kingdom",
        "value": "Aberdeen, United Kingdom"
    },
    {
        "name": "Washington, District Of Columbia",
        "value": "Washington, District Of Columbia"
    },
    {
        "name": "Région de Genève, Suisse",
        "value": "Région de Genève, Suisse"
    },
    {
        "name": "Brussels Area, Belgium",
        "value": "Brussels Area, Belgium"
    },
    {
        "name": "Tulsa, Oklahoma Area",
        "value": "Tulsa, Oklahoma Area"
    },
    {
        "name": "Pakistan",
        "value": "Pakistan"
    },
    {
        "name": "Allentown, Pennsylvania Area",
        "value": "Allentown, Pennsylvania Area"
    },
    {
        "name": "Kalamazoo, Michigan Area",
        "value": "Kalamazoo, Michigan Area"
    },
    {
        "name": "Amsterdam Area, Netherlands",
        "value": "Amsterdam Area, Netherlands"
    },
    {
        "name": "Calgary, Canada Area",
        "value": "Calgary, Canada Area"
    },
    {
        "name": "Charlotte, North Carolina",
        "value": "Charlotte, North Carolina"
    },
    {
        "name": "Syracuse, New York Area",
        "value": "Syracuse, New York Area"
    },
    {
        "name": "Knoxville, Tennessee Area",
        "value": "Knoxville, Tennessee Area"
    },
    {
        "name": "Adelaide Area, Australia",
        "value": "Adelaide Area, Australia"
    },
    {
        "name": "Columbia, South Carolina Area",
        "value": "Columbia, South Carolina Area"
    },
    {
        "name": "Ottawa, Canada Area",
        "value": "Ottawa, Canada Area"
    },
    {
        "name": "Noida Area, India",
        "value": "Noida Area, India"
    },
    {
        "name": "Greater New Orleans Area",
        "value": "Greater New Orleans Area"
    },
    {
        "name": "Philippines",
        "value": "Philippines"
    },
    {
        "name": "Brooklyn, New York",
        "value": "Brooklyn, New York"
    },
    {
        "name": "Egypt",
        "value": "Egypt"
    },
    {
        "name": "Slough, United Kingdom",
        "value": "Slough, United Kingdom"
    },
    {
        "name": "Shanghai City, China",
        "value": "Shanghai City, China"
    },
    {
        "name": "Twickenham, United Kingdom",
        "value": "Twickenham, United Kingdom"
    },
    {
        "name": "Lancaster, Pennsylvania Area",
        "value": "Lancaster, Pennsylvania Area"
    },
    {
        "name": "Cape Town Area, South Africa",
        "value": "Cape Town Area, South Africa"
    },
    {
        "name": "Portland, Oregon",
        "value": "Portland, Oregon"
    },
    {
        "name": "Glasgow, United Kingdom",
        "value": "Glasgow, United Kingdom"
    },
    {
        "name": "Calgary, Alberta, Canada",
        "value": "Calgary, Alberta, Canada"
    },
    {
        "name": "Qatar",
        "value": "Qatar"
    },
    {
        "name": "Provo, Utah Area",
        "value": "Provo, Utah Area"
    },
    {
        "name": "Des Moines, Iowa Area",
        "value": "Des Moines, Iowa Area"
    },
    {
        "name": "Orlando, Florida",
        "value": "Orlando, Florida"
    },
    {
        "name": "Lansing, Michigan Area",
        "value": "Lansing, Michigan Area"
    },
    {
        "name": "Brighton, United Kingdom",
        "value": "Brighton, United Kingdom"
    },
    {
        "name": "Edinburgh, United Kingdom",
        "value": "Edinburgh, United Kingdom"
    },
    {
        "name": "Boulder, Colorado",
        "value": "Boulder, Colorado"
    },
    {
        "name": "Portland, Maine Area",
        "value": "Portland, Maine Area"
    },
    {
        "name": "Leeds, United Kingdom",
        "value": "Leeds, United Kingdom"
    },
    {
        "name": "Coventry, United Kingdom",
        "value": "Coventry, United Kingdom"
    },
    {
        "name": "Antwerp Area, Belgium",
        "value": "Antwerp Area, Belgium"
    },
    {
        "name": "Lexington, Kentucky Area",
        "value": "Lexington, Kentucky Area"
    },
    {
        "name": "Alpharetta, Georgia",
        "value": "Alpharetta, Georgia"
    },
    {
        "name": "Kingston upon Thames, United Kingdom",
        "value": "Kingston upon Thames, United Kingdom"
    },
    {
        "name": "Newcastle upon Tyne, United Kingdom",
        "value": "Newcastle upon Tyne, United Kingdom"
    },
    {
        "name": "Southampton, United Kingdom",
        "value": "Southampton, United Kingdom"
    },
    {
        "name": "Huntsville, Alabama Area",
        "value": "Huntsville, Alabama Area"
    },
    {
        "name": "Cambridge, United Kingdom",
        "value": "Cambridge, United Kingdom"
    },
    {
        "name": "Macon, Georgia Area",
        "value": "Macon, Georgia Area"
    },
    {
        "name": "San Antonio, Texas",
        "value": "San Antonio, Texas"
    },
    {
        "name": "Pune, Maharashtra, India",
        "value": "Pune, Maharashtra, India"
    },
    {
        "name": "Pittsburgh, Pennsylvania",
        "value": "Pittsburgh, Pennsylvania"
    },
    {
        "name": "Munich Area, Germany",
        "value": "Munich Area, Germany"
    },
    {
        "name": "Украина",
        "value": "Украина"
    },
    {
        "name": "Sarasota, Florida Area",
        "value": "Sarasota, Florida Area"
    },
    {
        "name": "Cambridge, Massachusetts",
        "value": "Cambridge, Massachusetts"
    },
    {
        "name": "Edmonton, Canada Area",
        "value": "Edmonton, Canada Area"
    },
    {
        "name": "Cleveland, Ohio",
        "value": "Cleveland, Ohio"
    },
    {
        "name": "France",
        "value": "France"
    },
    {
        "name": "Las Vegas, Nevada",
        "value": "Las Vegas, Nevada"
    },
    {
        "name": "Derby, United Kingdom",
        "value": "Derby, United Kingdom"
    },
    {
        "name": "Tucson, Arizona Area",
        "value": "Tucson, Arizona Area"
    },
    {
        "name": "Campinas Area, Brazil",
        "value": "Campinas Area, Brazil"
    },
    {
        "name": "Minneapolis, Minnesota",
        "value": "Minneapolis, Minnesota"
    },
    {
        "name": "Boca Raton, Florida",
        "value": "Boca Raton, Florida"
    },
    {
        "name": "Nottingham, United Kingdom",
        "value": "Nottingham, United Kingdom"
    },
    {
        "name": "Région de Basel , Suisse",
        "value": "Région de Basel , Suisse"
    },
    {
        "name": "NCR - National Capital Region, Philippines",
        "value": "NCR - National Capital Region, Philippines"
    },
    {
        "name": "Zürich Area, Switzerland",
        "value": "Zürich Area, Switzerland"
    },
    {
        "name": "Kenya",
        "value": "Kenya"
    },
    {
        "name": "Mountain View, California",
        "value": "Mountain View, California"
    },
    {
        "name": "Queensland, Australia",
        "value": "Queensland, Australia"
    },
    {
        "name": "Youngstown, Ohio Area",
        "value": "Youngstown, Ohio Area"
    },
    {
        "name": "Leicester, United Kingdom",
        "value": "Leicester, United Kingdom"
    },
    {
        "name": "Phoenix, Arizona",
        "value": "Phoenix, Arizona"
    },
    {
        "name": "Tampa, Florida",
        "value": "Tampa, Florida"
    },
    {
        "name": "Hemel Hempstead, United Kingdom",
        "value": "Hemel Hempstead, United Kingdom"
    },
    {
        "name": "Springfield, Massachusetts Area",
        "value": "Springfield, Massachusetts Area"
    },
    {
        "name": "Indianapolis, Indiana",
        "value": "Indianapolis, Indiana"
    },
    {
        "name": "Mississauga, Ontario, Canada",
        "value": "Mississauga, Ontario, Canada"
    },
    {
        "name": "Albuquerque, New Mexico Area",
        "value": "Albuquerque, New Mexico Area"
    },
    {
        "name": "Wichita, Kansas Area",
        "value": "Wichita, Kansas Area"
    },
    {
        "name": "Little Rock, Arkansas Area",
        "value": "Little Rock, Arkansas Area"
    },
    {
        "name": "Panamá",
        "value": "Panamá"
    }
]
}
