{
    "success": true,
    "results": [
    {
        "name": "Owner",
        "value": "Owner"
    },
    {
        "name": "President",
        "value": "President"
    },
    {
        "name": "CEO",
        "value": "CEO"
    },
    {
        "name": "Managing Director",
        "value": "Managing Director"
    },
    {
        "name": "Director",
        "value": "Director"
    },
    {
        "name": "Director of Marketing",
        "value": "Director of Marketing"
    },
    {
        "name": "Marketing Manager",
        "value": "Marketing Manager"
    },
    {
        "name": "Account Manager",
        "value": "Account Manager"
    },
    {
        "name": "CFO",
        "value": "CFO"
    },
    {
        "name": "Vice President",
        "value": "Vice President"
    },
    {
        "name": "Project Manager",
        "value": "Project Manager"
    },
    {
        "name": "Principal",
        "value": "Principal"
    },
    {
        "name": "Founder",
        "value": "Founder"
    },
    {
        "name": "Account Executive",
        "value": "Account Executive"
    },
    {
        "name": "Consultant",
        "value": "Consultant"
    },
    {
        "name": "Business Development Manager",
        "value": "Business Development Manager"
    },
    {
        "name": "General Manager",
        "value": "General Manager"
    },
    {
        "name": "Partner",
        "value": "Partner"
    },
    {
        "name": "Software Engineer",
        "value": "Software Engineer"
    },
    {
        "name": "Marketing Director",
        "value": "Marketing Director"
    },
    {
        "name": "Sales Manager",
        "value": "Sales Manager"
    },
    {
        "name": "President/CEO",
        "value": "President/CEO"
    },
    {
        "name": "Quality Engineer",
        "value": "Quality Engineer"
    },
    {
        "name": "Chief Operating Officer",
        "value": "Chief Operating Officer"
    },
    {
        "name": "Chief Financial Officer",
        "value": "Chief Financial Officer"
    },
    {
        "name": "Program Manager",
        "value": "Program Manager"
    },
    {
        "name": "Student",
        "value": "Student"
    },
    {
        "name": "Operations Manager",
        "value": "Operations Manager"
    },
    {
        "name": "Manager",
        "value": "Manager"
    },
    {
        "name": "Investment Banking Analyst",
        "value": "Investment Banking Analyst"
    },
    {
        "name": "Executive Director",
        "value": "Executive Director"
    },
    {
        "name": "Chief Marketing Officer",
        "value": "Chief Marketing Officer"
    },
    {
        "name": "Senior Software Engineer",
        "value": "Senior Software Engineer"
    },
    {
        "name": "Human Resources Manager",
        "value": "Human Resources Manager"
    },
    {
        "name": "President & CEO",
        "value": "President & CEO"
    },
    {
        "name": "IT Manager",
        "value": "IT Manager"
    },
    {
        "name": "Quality Manager",
        "value": "Quality Manager"
    },
    {
        "name": "Supplier Quality Engineer",
        "value": "Supplier Quality Engineer"
    },
    {
        "name": "CIO",
        "value": "CIO"
    },
    {
        "name": "Managing Partner",
        "value": "Managing Partner"
    },
    {
        "name": "Online Marketing Manager",
        "value": "Online Marketing Manager"
    },
    {
        "name": "Director of Sales",
        "value": "Director of Sales"
    },
    {
        "name": "COO",
        "value": "COO"
    },
    {
        "name": "HR Manager",
        "value": "HR Manager"
    },
    {
        "name": "Chief Executive Officer",
        "value": "Chief Executive Officer"
    },
    {
        "name": "Director of Operations",
        "value": "Director of Operations"
    },
    {
        "name": "Vice President of Sales",
        "value": "Vice President of Sales"
    },
    {
        "name": "Director of Human Resources",
        "value": "Director of Human Resources"
    },
    {
        "name": "Business Development",
        "value": "Business Development"
    },
    {
        "name": "Regional Sales Manager",
        "value": "Regional Sales Manager"
    },
    {
        "name": "Senior Consultant",
        "value": "Senior Consultant"
    },
    {
        "name": "Co-Founder",
        "value": "Co-Founder"
    },
    {
        "name": "Chief Information Officer",
        "value": "Chief Information Officer"
    },
    {
        "name": "Project Engineer",
        "value": "Project Engineer"
    },
    {
        "name": "Senior Vice President",
        "value": "Senior Vice President"
    },
    {
        "name": "Plant Manager",
        "value": "Plant Manager"
    },
    {
        "name": "Vice President",
        "value": "Vice President"
    },
    {
        "name": "Human Resources",
        "value": "Human Resources"
    },
    {
        "name": "Digital Marketing Manager",
        "value": "Digital Marketing Manager"
    },
    {
        "name": "Marketing Coordinator",
        "value": "Marketing Coordinator"
    },
    {
        "name": "Sales",
        "value": "Sales"
    },
    {
        "name": "Sales Director",
        "value": "Sales Director"
    },
    {
        "name": "Controller",
        "value": "Controller"
    },
    {
        "name": "Human Resources",
        "value": "Human Resources"
    },
    {
        "name": "Director of Business Development",
        "value": "Director of Business Development"
    },
    {
        "name": "VP Marketing",
        "value": "VP Marketing"
    },
    {
        "name": "IT Director",
        "value": "IT Director"
    },
    {
        "name": "Engineer",
        "value": "Engineer"
    },
    {
        "name": "President and CEO",
        "value": "President and CEO"
    },
    {
        "name": "Senior Account Manager",
        "value": "Senior Account Manager"
    },
    {
        "name": "Account Director",
        "value": "Account Director"
    },
    {
        "name": "Vice President",
        "value": "Vice President"
    },
    {
        "name": "Marketing",
        "value": "Marketing"
    },
    {
        "name": "Software Developer",
        "value": "Software Developer"
    },
    {
        "name": "Practice Manager",
        "value": "Practice Manager"
    },
    {
        "name": "Associate",
        "value": "Associate"
    },
    {
        "name": "Director, Marketing",
        "value": "Director, Marketing"
    },
    {
        "name": "Executive Vice President",
        "value": "Executive Vice President"
    },
    {
        "name": "Engineering Manager",
        "value": "Engineering Manager"
    },
    {
        "name": "Vice President of Marketing",
        "value": "Vice President of Marketing"
    },
    {
        "name": "VP of Sales",
        "value": "VP of Sales"
    },
    {
        "name": "Loan Officer",
        "value": "Loan Officer"
    },
    {
        "name": "Product Manager",
        "value": "Product Manager"
    },
    {
        "name": "CTO",
        "value": "CTO"
    },
    {
        "name": "Process Engineer",
        "value": "Process Engineer"
    },
    {
        "name": "Mechanical Engineer",
        "value": "Mechanical Engineer"
    },
    {
        "name": "Executive Chef",
        "value": "Executive Chef"
    },
    {
        "name": "Manufacturing Engineer",
        "value": "Manufacturing Engineer"
    },
    {
        "name": "Chief Technology Officer",
        "value": "Chief Technology Officer"
    },
    {
        "name": "Marketing Consultant",
        "value": "Marketing Consultant"
    },
    {
        "name": "Recruiter",
        "value": "Recruiter"
    },
    {
        "name": "Senior Marketing Manager",
        "value": "Senior Marketing Manager"
    },
    {
        "name": "Founder & CEO",
        "value": "Founder & CEO"
    },
    {
        "name": "Sales Executive",
        "value": "Sales Executive"
    },
    {
        "name": "Board Member",
        "value": "Board Member"
    },
    {
        "name": "Web Developer",
        "value": "Web Developer"
    },
    {
        "name": "Design Engineer",
        "value": "Design Engineer"
    },
    {
        "name": "Production Manager",
        "value": "Production Manager"
    },
    {
        "name": "Analyst",
        "value": "Analyst"
    },
    {
        "name": "Branch Manager",
        "value": "Branch Manager"
    },
    {
        "name": "Marketing Specialist",
        "value": "Marketing Specialist"
    },
    {
        "name": "Senior Account Executive",
        "value": "Senior Account Executive"
    },
    {
        "name": "Founder and CEO",
        "value": "Founder and CEO"
    },
    {
        "name": "Marketing",
        "value": "Marketing"
    },
    {
        "name": "Naval Architect",
        "value": "Naval Architect"
    },
    {
        "name": "Creative Director",
        "value": "Creative Director"
    },
    {
        "name": "Office Manager",
        "value": "Office Manager"
    },
    {
        "name": "Vice President of Operations",
        "value": "Vice President of Operations"
    },
    {
        "name": "Senior Loan Officer",
        "value": "Senior Loan Officer"
    },
    {
        "name": "Senior Project Manager",
        "value": "Senior Project Manager"
    },
    {
        "name": "Sales Representative",
        "value": "Sales Representative"
    },
    {
        "name": "HR Director",
        "value": "HR Director"
    },
    {
        "name": "Senior Manager",
        "value": "Senior Manager"
    },
    {
        "name": "VP Sales",
        "value": "VP Sales"
    },
    {
        "name": "Inside Sales Manager",
        "value": "Inside Sales Manager"
    },
    {
        "name": "Realtor",
        "value": "Realtor"
    },
    {
        "name": "Media Buyer",
        "value": "Media Buyer"
    },
    {
        "name": "Senior Engineer",
        "value": "Senior Engineer"
    },
    {
        "name": "Executive Assistant",
        "value": "Executive Assistant"
    },
    {
        "name": "HR Generalist",
        "value": "HR Generalist"
    },
    {
        "name": "VP of Marketing",
        "value": "VP of Marketing"
    },
    {
        "name": "Vice President of Human Resources",
        "value": "Vice President of Human Resources"
    },
    {
        "name": "Product Engineer",
        "value": "Product Engineer"
    },
    {
        "name": "Human Resources Director",
        "value": "Human Resources Director"
    },
    {
        "name": "Principal Consultant",
        "value": "Principal Consultant"
    },
    {
        "name": "Sales Engineer",
        "value": "Sales Engineer"
    },
    {
        "name": "Attorney",
        "value": "Attorney"
    },
    {
        "name": "Inside Sales",
        "value": "Inside Sales"
    },
    {
        "name": "Technical Director",
        "value": "Technical Director"
    },
    {
        "name": "Marketing Executive",
        "value": "Marketing Executive"
    },
    {
        "name": "Associate Director",
        "value": "Associate Director"
    },
    {
        "name": "Marketing Communications Manager",
        "value": "Marketing Communications Manager"
    },
    {
        "name": "Business Analyst",
        "value": "Business Analyst"
    },
    {
        "name": "Systems Engineer",
        "value": "Systems Engineer"
    },
    {
        "name": "Relationship Manager",
        "value": "Relationship Manager"
    },
    {
        "name": "Chief Learning Officer",
        "value": "Chief Learning Officer"
    },
    {
        "name": "Automotive Professional",
        "value": "Automotive Professional"
    },
    {
        "name": "Associate General Counsel",
        "value": "Associate General Counsel"
    },
    {
        "name": "National Sales Manager",
        "value": "National Sales Manager"
    },
    {
        "name": "Online Marketing Specialist",
        "value": "Online Marketing Specialist"
    },
    {
        "name": "Inside Sales Representative",
        "value": "Inside Sales Representative"
    },
    {
        "name": "Human Resources",
        "value": "Human Resources"
    },
    {
        "name": "Director",
        "value": "Director"
    },
    {
        "name": "Business Development",
        "value": "Business Development"
    },
    {
        "name": "Content Strategist",
        "value": "Content Strategist"
    },
    {
        "name": "Paraplanner",
        "value": "Paraplanner"
    },
    {
        "name": "Retired",
        "value": "Retired"
    },
    {
        "name": "Vice President, Sales",
        "value": "Vice President, Sales"
    },
    {
        "name": "Co-founder",
        "value": "Co-founder"
    },
    {
        "name": "National Account Manager",
        "value": "National Account Manager"
    },
    {
        "name": "Brand Performance Consultant",
        "value": "Brand Performance Consultant"
    },
    {
        "name": "Petroleum Engineer",
        "value": "Petroleum Engineer"
    },
    {
        "name": "Head of Marketing",
        "value": "Head of Marketing"
    },
    {
        "name": "Regional Manager",
        "value": "Regional Manager"
    },
    {
        "name": "Director of Engineering",
        "value": "Director of Engineering"
    },
    {
        "name": "Business Development Director",
        "value": "Business Development Director"
    },
    {
        "name": "Product Marketing Manager",
        "value": "Product Marketing Manager"
    },
    {
        "name": "Vice President of Business Development",
        "value": "Vice President of Business Development"
    },
    {
        "name": "CEO & Founder",
        "value": "CEO & Founder"
    },
    {
        "name": "Email Marketing Manager",
        "value": "Email Marketing Manager"
    },
    {
        "name": "Assistant Vice President",
        "value": "Assistant Vice President"
    },
    {
        "name": "Regional Sales Director",
        "value": "Regional Sales Director"
    },
    {
        "name": "Regional Vice President",
        "value": "Regional Vice President"
    },
    {
        "name": "Chairman",
        "value": "Chairman"
    },
    {
        "name": "Director of Information Technology",
        "value": "Director of Information Technology"
    },
    {
        "name": "Facilities Manager",
        "value": "Facilities Manager"
    },
    {
        "name": "Reservoir Engineer",
        "value": "Reservoir Engineer"
    },
    {
        "name": "CMO",
        "value": "CMO"
    },
    {
        "name": "Sr. Software Engineer",
        "value": "Sr. Software Engineer"
    },
    {
        "name": "Quality Assurance Manager",
        "value": "Quality Assurance Manager"
    },
    {
        "name": "Pipeline Engineer",
        "value": "Pipeline Engineer"
    },
    {
        "name": "Senior Quality Engineer",
        "value": "Senior Quality Engineer"
    },
    {
        "name": "Application Engineer",
        "value": "Application Engineer"
    },
    {
        "name": "Production Supervisor",
        "value": "Production Supervisor"
    },
    {
        "name": "Territory Manager",
        "value": "Territory Manager"
    },
    {
        "name": "Assistant Manager",
        "value": "Assistant Manager"
    },
    {
        "name": "President &amp; CEO",
        "value": "President &amp; CEO"
    },
    {
        "name": "Developer",
        "value": "Developer"
    },
    {
        "name": "student",
        "value": "student"
    },
    {
        "name": "Business Development Executive",
        "value": "Business Development Executive"
    },
    {
        "name": "Vice President Sales",
        "value": "Vice President Sales"
    },
    {
        "name": "Operations Director",
        "value": "Operations Director"
    },
    {
        "name": "Mortgage Loan Officer",
        "value": "Mortgage Loan Officer"
    },
    {
        "name": "Internet Marketing Consultant",
        "value": "Internet Marketing Consultant"
    },
    {
        "name": "Senior Director",
        "value": "Senior Director"
    },
    {
        "name": "Supervisor",
        "value": "Supervisor"
    },
    {
        "name": "District Manager",
        "value": "District Manager"
    },
    {
        "name": "VP",
        "value": "VP"
    },
    {
        "name": "Director of Sales and Marketing",
        "value": "Director of Sales and Marketing"
    },
    {
        "name": "Human Resources Generalist",
        "value": "Human Resources Generalist"
    },
    {
        "name": "Key Account Manager",
        "value": "Key Account Manager"
    },
    {
        "name": "Principal Engineer",
        "value": "Principal Engineer"
    },
    {
        "name": "Vice President Human Resources",
        "value": "Vice President Human Resources"
    },
    {
        "name": "Senior Product Manager",
        "value": "Senior Product Manager"
    },
    {
        "name": "Area Sales Manager",
        "value": "Area Sales Manager"
    },
    {
        "name": "Drilling Manager",
        "value": "Drilling Manager"
    },
    {
        "name": "Senior Associate",
        "value": "Senior Associate"
    },
    {
        "name": "Vice President Marketing",
        "value": "Vice President Marketing"
    },
    {
        "name": "Information Technology Manager",
        "value": "Information Technology Manager"
    },
    {
        "name": "Recruiting Manager",
        "value": "Recruiting Manager"
    },
    {
        "name": "VP Sales & Marketing",
        "value": "VP Sales & Marketing"
    },
    {
        "name": "Finance Manager",
        "value": "Finance Manager"
    },
    {
        "name": "Business Manager",
        "value": "Business Manager"
    },
    {
        "name": "Social Media Manager",
        "value": "Social Media Manager"
    },
    {
        "name": "Applications Engineer",
        "value": "Applications Engineer"
    },
    {
        "name": "Manager, Human Resources",
        "value": "Manager, Human Resources"
    },
    {
        "name": "Principal Software Engineer",
        "value": "Principal Software Engineer"
    },
    {
        "name": "Digital Marketing Specialist",
        "value": "Digital Marketing Specialist"
    },
    {
        "name": "President / CEO",
        "value": "President / CEO"
    },
    {
        "name": "Vice President",
        "value": "Vice President"
    },
    {
        "name": "Business Development",
        "value": "Business Development"
    },
    {
        "name": "VP Business Development",
        "value": "VP Business Development"
    },
    {
        "name": "Director",
        "value": "Director"
    },
    {
        "name": "Digital Marketing",
        "value": "Digital Marketing"
    },
    {
        "name": "Owner/President",
        "value": "Owner/President"
    },
    {
        "name": "Electrical Engineer",
        "value": "Electrical Engineer"
    },
    {
        "name": "Program Director",
        "value": "Program Director"
    },
    {
        "name": "Intern",
        "value": "Intern"
    },
    {
        "name": "Brand Manager",
        "value": "Brand Manager"
    },
    {
        "name": "Sales Consultant",
        "value": "Sales Consultant"
    },
    {
        "name": "Embryologist",
        "value": "Embryologist"
    },
    {
        "name": "Board of Directors",
        "value": "Board of Directors"
    },
    {
        "name": "Credit Manager",
        "value": "Credit Manager"
    },
    {
        "name": "Director Of Marketing",
        "value": "Director Of Marketing"
    },
    {
        "name": "Co-Owner",
        "value": "Co-Owner"
    },
    {
        "name": "Teacher",
        "value": "Teacher"
    },
    {
        "name": "Advisor",
        "value": "Advisor"
    },
    {
        "name": "President/Owner",
        "value": "President/Owner"
    },
    {
        "name": "Director of Digital Marketing",
        "value": "Director of Digital Marketing"
    },
    {
        "name": "VP Human Resources",
        "value": "VP Human Resources"
    },
    {
        "name": "VP, Marketing",
        "value": "VP, Marketing"
    },
    {
        "name": "Facility Manager",
        "value": "Facility Manager"
    },
    {
        "name": "Senior Media Buyer",
        "value": "Senior Media Buyer"
    },
    {
        "name": "Director of IT",
        "value": "Director of IT"
    },
    {
        "name": "Director of Online Marketing",
        "value": "Director of Online Marketing"
    },
    {
        "name": "Drilling Superintendent",
        "value": "Drilling Superintendent"
    },
    {
        "name": "Accounting Manager",
        "value": "Accounting Manager"
    },
    {
        "name": "MD",
        "value": "MD"
    },
    {
        "name": "Member",
        "value": "Member"
    },
    {
        "name": "Senior Developer",
        "value": "Senior Developer"
    },
    {
        "name": "Independent Consultant",
        "value": "Independent Consultant"
    },
    {
        "name": "Marketing Associate",
        "value": "Marketing Associate"
    },
    {
        "name": "Senior Systems Engineer",
        "value": "Senior Systems Engineer"
    },
    {
        "name": "VP, Human Resources",
        "value": "VP, Human Resources"
    },
    {
        "name": "VP Sales and Marketing",
        "value": "VP Sales and Marketing"
    },
    {
        "name": "General Counsel",
        "value": "General Counsel"
    },
    {
        "name": "Drilling Engineer",
        "value": "Drilling Engineer"
    },
    {
        "name": "Tax Manager",
        "value": "Tax Manager"
    },
    {
        "name": "Senior Software Developer",
        "value": "Senior Software Developer"
    },
    {
        "name": "HR Business Partner",
        "value": "HR Business Partner"
    },
    {
        "name": "Financial Analyst",
        "value": "Financial Analyst"
    },
    {
        "name": "Mortgage Banker",
        "value": "Mortgage Banker"
    },
    {
        "name": "Buyer",
        "value": "Buyer"
    },
    {
        "name": "Internet Marketing Manager",
        "value": "Internet Marketing Manager"
    },
    {
        "name": "Solutions Architect",
        "value": "Solutions Architect"
    },
    {
        "name": "President and Founder",
        "value": "President and Founder"
    },
    {
        "name": "Directional Driller",
        "value": "Directional Driller"
    },
    {
        "name": "manager",
        "value": "manager"
    },
    {
        "name": "Technical Consultant",
        "value": "Technical Consultant"
    },
    {
        "name": "Sales Operations Manager",
        "value": "Sales Operations Manager"
    },
    {
        "name": "Administrative Assistant",
        "value": "Administrative Assistant"
    },
    {
        "name": "Assistant Media Buyer",
        "value": "Assistant Media Buyer"
    },
    {
        "name": "Commercial Director",
        "value": "Commercial Director"
    },
    {
        "name": "Digital Marketing Consultant",
        "value": "Digital Marketing Consultant"
    },
    {
        "name": "Operations",
        "value": "Operations"
    },
    {
        "name": "Financial Advisor",
        "value": "Financial Advisor"
    },
    {
        "name": "Chief Revenue Officer",
        "value": "Chief Revenue Officer"
    },
    {
        "name": "Network Engineer",
        "value": "Network Engineer"
    },
    {
        "name": "Senior Project Engineer",
        "value": "Senior Project Engineer"
    },
    {
        "name": "Sr. Account Manager",
        "value": "Sr. Account Manager"
    },
    {
        "name": "Solution Architect",
        "value": "Solution Architect"
    }
]
}
